Rank,Club,Country,Level,Elo,From,To
1,Real Madrid,ESP,1,1923.41748047,2001-06-18,2001-08-08
2,Valencia,ESP,1,1895.93457031,2001-06-18,2001-08-08
3,Mallorca,ESP,1,1892.35803223,2001-06-18,2001-08-08
4,Bayern,GER,1,1885.27490234,2001-06-11,2001-07-28
5,Depor,ESP,1,1883.2322998,2001-06-18,2001-07-28
6,Man United,ENG,1,1873.11169434,2001-06-11,2001-08-08
7,Liverpool,ENG,1,1872.5246582,2001-06-11,2001-08-08
8,Barcelona,ESP,1,1866.79626465,2001-06-18,2001-08-08
9,Juventus,ITA,1,1864.14489746,2001-06-18,2001-08-08
10,Lazio,ITA,1,1857.61694336,2001-06-18,2001-08-08
11,Celta,ESP,1,1841.83007812,2001-06-18,2001-08-08
12,Leeds,ENG,1,1840.6060791,2001-06-11,2001-08-08
13,Roma,ITA,1,1839.32092285,2001-06-18,2001-08-08
14,Arsenal,ENG,1,1817.45812988,2001-05-24,2001-08-08
15,Lyon,FRA,1,1814.66870117,2001-05-27,2001-07-28
16,Chelsea,ENG,1,1791.65625,2001-06-18,2001-08-08
17,Alaves,ESP,1,1789.07312012,2001-06-18,2001-08-08
18,Malaga,ESP,1,1788.75964355,2001-06-18,2001-08-08
19,Olympiakos,GRE,1,1786.23950195,2001-06-18,2001-08-08
20,Espanyol,ESP,1,1778.97680664,2001-06-18,2001-08-08
21,Nantes,FRA,1,1778.76391602,2001-06-18,2001-07-27
22,Zaragoza,ESP,1,1778.17541504,2001-06-18,2001-07-27
23,Sociedad,ESP,1,1774.39794922,2001-06-18,2001-07-27
24,Villarreal,ESP,1,1773.80175781,2001-06-18,2001-07-27
25,Milan,ITA,1,1770.12438965,2001-06-18,2001-07-27
26,PSV,NED,1,1764.73864746,2001-06-18,2001-08-07
27,Parma,ITA,1,1764.15002441,2001-06-18,2001-08-07
28,Schalke,GER,1,1757.04492188,2001-07-16,2001-07-27
29,Dynamo Kyiv,UKR,1,1751.58227539,2001-07-22,2001-07-25
30,Valladolid,ESP,1,1748.79321289,2001-06-18,2001-07-27
31,Bordeaux,FRA,1,1748.58410645,2001-06-11,2001-07-27
32,Leverkusen,GER,1,1747.99755859,2001-06-11,2001-07-28
33,Santander,ESP,2,1742.48583984,2001-07-02,2001-07-28
34,Ipswich,ENG,1,1741.00292969,2001-06-17,2001-07-28
35,Dortmund,GER,1,1738.22106934,2001-05-28,2001-07-28
36,Sunderland,ENG,1,1729.95019531,2001-06-18,2001-07-28
37,Anderlecht,BEL,1,1729.52758789,2001-06-18,2001-07-25
38,Bilbao,ESP,1,1728.31030273,2001-06-18,2001-07-28
39,Oviedo,ESP,2,1726.46203613,2001-07-02,2001-07-28
40,Rayo Vallecano,ESP,1,1726.25,2001-06-17,2001-07-28
41,Porto,POR,1,1725.55895996,2001-05-28,2001-07-25
42,Freiburg,GER,1,1725.46655273,2001-05-28,2001-07-28
43,Lille,FRA,1,1725.25769043,2001-05-28,2001-07-28
44,Werder,GER,1,1724.41784668,2001-05-28,2001-07-28
45,Inter,ITA,1,1724.23999023,2001-06-18,2001-07-28
46,Aston Villa,ENG,1,1722.63476562,2001-06-18,2001-07-28
47,Panathinaikos,GRE,1,1710.34155273,2001-06-18,2001-08-07
48,Atletico,ESP,2,1708.69970703,2001-06-18,2001-08-05
49,Sparta Praha,CZE,1,1704.16796875,2001-05-27,2001-07-28
50,Crvena Zvezda,SCG,1,1703.24133301,2001-06-21,2001-07-25
51,Galatasaray,TUR,1,1703.2076416,2001-06-21,2001-07-25
52,Las Palmas,ESP,1,1703.18615723,2001-06-21,2001-07-25
53,Betis,ESP,1,1703.1751709,2001-07-02,2001-07-25
54,Fiorentina,ITA,1,1702.99816895,2001-06-21,2001-07-25
55,Osasuna,ESP,1,1702.3248291,2001-06-18,2001-07-28
56,Wolfsburg,GER,1,1702.25769043,2001-06-18,2001-07-28
57,Newcastle,ENG,1,1701.97509766,2001-06-18,2001-07-29
58,Numancia,ESP,2,1699.63891602,2001-07-02,2001-07-29
59,Middlesbrough,ENG,1,1696.77490234,2001-06-18,2001-07-28
60,Monaco,FRA,1,1696.69934082,2001-06-18,2001-07-28
61,Hertha,GER,1,1694.92895508,2001-06-18,2001-07-29
62,Sevilla,ESP,1,1691.25158691,2001-07-02,2001-07-29
63,Lautern,GER,1,1686.57995605,2001-06-11,2001-07-28
64,Hamburg,GER,1,1684.15197754,2001-06-11,2001-07-28
65,Tottenham,ENG,1,1678.93066406,2001-05-27,2001-08-04
66,Paris SG,FRA,1,1678.86193848,2001-05-27,2001-07-28
67,Rennes,FRA,1,1676.71801758,2001-05-27,2001-07-28
68,Southampton,ENG,1,1674.70544434,2001-05-28,2001-07-28
69,Sedan,FRA,1,1674.58093262,2001-05-28,2001-07-28
70,Lens,FRA,1,1672.09741211,2001-05-28,2001-07-28
71,Charlton,ENG,1,1670.40124512,2001-05-28,2001-07-28
72,Brescia,ITA,1,1670.2109375,2001-06-18,2001-07-25
73,Koeln,GER,1,1665.73596191,2001-06-18,2001-07-25
74,Metz,FRA,1,1665.24584961,2001-05-27,2001-07-25
75,Stuttgart,GER,1,1661.42358398,2001-06-18,2001-07-25
76,Brugge,BEL,1,1661.30078125,2001-06-18,2001-07-25
77,Bologna,ITA,1,1659.99499512,2001-06-18,2001-07-25
78,Shakhtar,UKR,1,1659.20654297,2001-07-21,2001-07-25
79,Partizan,SCG,1,1658.55664062,2001-07-16,2001-07-25
80,Tenerife,ESP,1,1656.29992676,2001-07-16,2001-07-28
81,West Ham,ENG,1,1655.6418457,2001-07-16,2001-07-28
82,Everton,ENG,1,1653.67431641,2001-07-16,2001-08-01
83,Bastia,FRA,1,1652.46484375,2001-07-08,2001-07-28
84,Atalanta,ITA,1,1651.84802246,2001-07-01,2001-07-29
85,Wacker Innsbruck,AUT,1,1651.78198242,2001-07-19,2001-07-24
86,Muenchen 60,GER,1,1650.57421875,2001-07-19,2001-07-24
87,Perugia,ITA,1,1650.56555176,2001-07-19,2001-07-24
88,AEK,GRE,1,1649.14685059,2001-07-12,2001-07-25
89,Marseille,FRA,1,1648.67614746,2001-07-12,2001-07-25
90,Spartak Moskva,RUS,1,1648.57592773,2001-07-19,2001-07-22
91,Celtic,SCO,1,1645.14416504,2001-07-11,2001-07-22
92,Boavista,POR,1,1643.96398926,2001-07-11,2001-07-22
93,Troyes,FRA,1,1642.87304688,2001-07-11,2001-07-28
94,Udinese,ITA,1,1642.64880371,2001-07-11,2001-07-28
95,Sochaux,FRA,1,1641.77307129,2001-07-11,2001-07-28
96,Torino,ITA,1,1641.37731934,2001-07-11,2001-07-28
97,Leicester,ENG,1,1640.19458008,2001-07-11,2001-07-28
98,Rostock,GER,1,1638.65002441,2001-07-11,2001-07-28
99,Gladbach,GER,1,1633.90966797,2001-07-02,2001-07-25
100,Derby,ENG,1,1633.42248535,2001-07-02,2001-07-25
None,Blackburn,ENG,1,1632.51293945,2001-07-02,2001-08-08
None,Fulham,ENG,1,1630.26330566,2001-07-02,2001-08-08
None,Verona,ITA,1,1627.78552246,2001-06-25,2001-08-08
None,Slavia Praha,CZE,1,1627.00793457,2001-05-26,2001-07-29
None,Rosenborg,NOR,1,1625.88061523,2001-07-09,2001-07-22
None,Reggina,ITA,2,1625.73803711,2001-07-02,2001-08-08
None,Piacenza,ITA,1,1625.42700195,2001-07-02,2001-08-08
None,Levski,BUL,1,1624.85522461,2001-07-19,2001-07-25
None,Rangers,SCO,1,1622.0279541,2001-05-21,2001-07-25
None,Fenerbahce,TUR,1,1620.4440918,2001-05-27,2001-07-25
None,Auxerre,FRA,1,1619.38720703,2001-05-20,2001-07-28
None,Vicenza,ITA,2,1618.96118164,2001-07-02,2001-08-08
None,Sturm Graz,AUT,1,1618.08251953,2001-07-18,2001-07-25
None,Sampdoria,ITA,2,1616.72131348,2001-06-11,2001-08-08
None,Dinamo Zagreb,CRO,1,1616.54626465,2001-05-28,2001-07-25
None,Albacete,ESP,2,1615.87072754,2001-06-18,2001-08-08
None,Feyenoord,NED,1,1614.96655273,2001-05-28,2001-08-08
None,Montpellier,FRA,1,1614.69970703,2001-07-02,2001-07-28
None,Wisla,POL,1,1613.84606934,2001-07-22,2001-07-25
None,Lecce,ITA,1,1612.49377441,2001-06-18,2001-08-08
None,Gijon,ESP,2,1612.11120605,2001-06-18,2001-08-08
None,Venezia,ITA,1,1610.66931152,2001-07-02,2001-08-08
None,Ajax,NED,1,1610.61315918,2001-05-28,2001-08-08
None,Recreativo,ESP,2,1609.06506348,2001-06-17,2001-08-08
None,Guingamp,FRA,1,1608.74499512,2001-05-20,2001-07-28
None,Unterhaching,GER,2,1608.15002441,2001-07-02,2001-07-29
None,Napoli,ITA,2,1604.80773926,2001-07-02,2001-08-08
None,Coventry,ENG,2,1604.33898926,2001-07-02,2001-08-08
None,Levante,ESP,2,1603.22192383,2001-06-18,2001-08-08
None,Nuernberg,GER,1,1603.05297852,2001-07-02,2001-07-28
None,Cottbus,GER,1,1602.26379395,2001-05-24,2001-07-28
None,Bolton,ENG,1,1602.11682129,2001-07-02,2001-08-08
None,Saint-Etienne,FRA,2,1600.44750977,2001-07-02,2001-07-28
None,Extremadura,ESP,2,1594.97912598,2001-06-17,2001-08-08
None,Lorient,FRA,1,1592.19287109,2001-07-02,2001-07-28
None,Frankfurt,GER,2,1590.91137695,2001-07-02,2001-07-28
None,Chievo,ITA,1,1590.83374023,2001-07-02,2001-08-08
None,Rapid Wien,AUT,1,1588.25183105,2001-07-19,2001-07-24
None,Salamanca,ESP,2,1587.37719727,2001-06-17,2001-08-08
None,Man City,ENG,2,1586.88806152,2001-07-02,2001-08-08
None,Vitesse,NED,1,1586.30419922,2001-05-28,2001-08-08
None,Empoli,ITA,2,1581.82275391,2001-06-11,2001-08-08
None,Sporting,POR,1,1581.68786621,2001-05-28,2001-07-25
None,Hajduk,CRO,1,1579.63391113,2001-05-28,2001-07-25
None,Besiktas,TUR,1,1578.16833496,2001-05-26,2001-07-25
None,Lok Moskva,RUS,1,1575.99377441,2001-07-19,2001-07-22
None,Grasshoppers,SUI,1,1575.90332031,2001-07-22,2001-07-25
None,Ternana,ITA,2,1572.3293457,2001-06-11,2001-08-08
None,St Pauli,GER,1,1571.85510254,2001-07-02,2001-07-29
None,Leganes,ESP,2,1571.5612793,2001-06-18,2001-08-08
None,Fuerth,GER,2,1570.68212891,2001-05-24,2001-07-27
None,Strasbourg,FRA,2,1569.31811523,2001-07-02,2001-07-29
None,Roda,NED,1,1567.54003906,2001-05-28,2001-08-08
None,Jaen,ESP,2,1566.11315918,2001-06-18,2001-08-08
None,Nancy,FRA,2,1564.33947754,2001-05-19,2001-07-28
None,Wimbledon,ENG,2,1562.08813477,2001-05-17,2001-08-08
None,Badajoz,ESP,2,1559.9621582,2001-06-18,2001-08-08
None,Cordoba,ESP,2,1559.4152832,2001-06-18,2001-08-08
None,PAOK,GRE,1,1559.2677002,2001-05-28,2001-08-08
None,Genoa,ITA,2,1558.98730469,2001-06-11,2001-08-08
None,Burgos,ESP,2,1558.28894043,2001-07-01,2001-08-08
None,Poli Ejido,ESP,2,1558.28894043,2001-07-01,2001-08-08
None,Tarragona,ESP,2,1558.28894043,2001-07-01,2001-08-08
None,Xerez,ESP,2,1558.28894043,2001-07-01,2001-08-08
None,Bradford,ENG,2,1555.47912598,2001-07-02,2001-08-08
None,Eibar,ESP,2,1555.45605469,2001-06-17,2001-08-08
None,Heerenveen,NED,1,1554.9744873,2001-05-28,2001-08-08
None,Waldhof,GER,2,1552.85473633,2001-05-24,2001-07-27
None,Le Havre,FRA,2,1552.26965332,2001-05-19,2001-07-29
None,Bielefeld,GER,2,1551.95788574,2001-05-24,2001-07-28
None,Helsingborg,SWE,1,1549.77087402,2001-07-16,2001-07-24
None,Ferrol,ESP,2,1549.65588379,2001-06-17,2001-08-08
None,Gaziantepspor,TUR,1,1549.49182129,2001-05-26,2001-07-25
None,Bochum,GER,2,1546.6385498,2001-07-02,2001-07-29
None,Chateauroux,FRA,2,1546.47473145,2001-05-19,2001-07-28
None,Birmingham,ENG,2,1544.12634277,2001-05-18,2001-08-08
None,Utrecht,NED,1,1541.8079834,2001-05-28,2001-08-08
None,Preston,ENG,2,1540.82641602,2001-05-29,2001-08-08
None,Stabaek,NOR,1,1540.39147949,2001-07-09,2001-07-22
None,Halmstad,SWE,1,1539.21044922,2001-07-22,2001-07-25
None,Elche,ESP,2,1537.85986328,2001-06-18,2001-08-08
None,Lokeren,BEL,1,1537.67102051,2001-05-21,2001-07-25
None,Cagliari,ITA,2,1536.19470215,2001-06-11,2001-08-08
None,Ahlen,GER,2,1536.01806641,2001-05-24,2001-07-27
None,Standard,BEL,1,1535.93945312,2001-05-21,2001-07-25
None,Lillestrom,NOR,1,1535.29174805,2001-07-09,2001-07-22
None,Duisburg,GER,2,1535.08691406,2001-05-24,2001-07-27
None,FC Kobenhavn,DEN,1,1534.59155273,2001-07-22,2001-07-25
None,Murcia,ESP,2,1533.96582031,2001-06-17,2001-08-08
None,Bari,ITA,2,1533.81665039,2001-07-02,2001-08-08
None,Brann,NOR,1,1532.96191406,2001-07-09,2001-07-22
None,GAK,AUT,1,1530.43908691,2001-07-19,2001-07-25
None,Viking,NOR,1,1530.11682129,2001-07-09,2001-07-22
None,Niort,FRA,2,1528.91650391,2001-05-19,2001-07-29
None,Mouscron,BEL,1,1526.7755127,2001-05-20,2001-07-25
None,Benfica,POR,1,1526.61889648,2001-05-28,2001-07-25
None,StGallen,SUI,1,1524.68383789,2001-07-22,2001-07-25
None,CSKA Sofia,BUL,1,1521.24719238,2001-07-19,2001-07-25
None,Polonia Warszawa,POL,1,1520.67456055,2001-07-22,2001-07-25
None,Gueugnon,FRA,2,1520.03552246,2001-05-19,2001-07-28
None,Gent,BEL,1,1518.5748291,2001-05-21,2001-07-25
None,Sigma Olomouc,CZE,1,1518.03088379,2001-05-26,2001-07-28
None,Reutlingen,GER,2,1517.32946777,2001-05-24,2001-07-28
None,Legia,POL,1,1516.91662598,2001-07-22,2001-07-25
None,Leiria,POR,1,1515.3293457,2001-05-28,2001-07-25
None,Goeteborg,SWE,1,1513.22973633,2001-07-16,2001-07-23
None,Waalwijk,NED,1,1513.22900391,2001-05-28,2001-08-08
None,Hannover,GER,2,1512.94702148,2001-05-24,2001-07-30
None,Cosenza,ITA,2,1512.02514648,2001-06-11,2001-08-08
None,Lugano,SUI,1,1510.55908203,2001-07-19,2001-07-25
None,Trabzonspor,TUR,1,1510.00317383,2001-05-27,2001-07-25
None,Basel,SUI,1,1505.34069824,2001-07-19,2001-07-25
None,Ruch,POL,1,1504.8013916,2001-07-22,2001-07-25
None,Mainz,GER,2,1502.21057129,2001-05-24,2001-07-29
None,Oberhausen,GER,2,1501.92944336,2001-05-24,2001-07-27
None,Sheffield United,ENG,2,1501.87207031,2001-05-17,2001-08-08
None,Brondby,DEN,1,1501.60119629,2001-06-14,2001-07-22
None,Willem II,NED,1,1500.29724121,2001-06-01,2001-08-08
None,Servette,SUI,1,1499.91149902,2001-07-22,2001-07-25
None,AIK,SWE,1,1499.42138672,2001-07-12,2001-07-25
None,Torpedo Moskva,RUS,1,1499.24438477,2001-07-19,2001-07-22
None,Ried,AUT,1,1498.84326172,2001-07-19,2001-07-25
None,Salzburg,AUT,1,1498.35925293,2001-07-18,2001-07-24
None,Beerschot AC,BEL,1,1497.32678223,2001-05-21,2001-07-25
None,West Brom,ENG,2,1497.2779541,2001-05-18,2001-08-08
None,Salernitana,ITA,2,1496.35778809,2001-06-11,2001-08-08
None,Obilic,SCG,1,1496.0111084,2001-06-21,2001-07-25
None,Pribram,CZE,1,1494.79260254,2001-05-26,2001-07-29
None,Sheffield Weds,ENG,2,1492.18395996,2001-05-17,2001-08-08
None,Wolves,ENG,2,1491.6607666,2001-05-17,2001-08-08
None,Ajaccio,FRA,2,1491.47680664,2001-05-19,2001-07-28
None,Nimes,FRA,2,1491.26660156,2001-05-19,2001-07-28
None,Watford,ENG,2,1491.16516113,2001-05-17,2001-08-08
None,Forest,ENG,2,1491.04589844,2001-05-17,2001-08-08
None,Burnley,ENG,2,1489.68432617,2001-05-17,2001-08-08
None,Zenit,RUS,1,1488.96411133,2001-07-19,2001-07-22
None,Litex,BUL,1,1488.20117188,2001-07-19,2001-07-25
None,Wasquehal,FRA,2,1488.08203125,2001-05-19,2001-07-28
None,Odd Grenland,NOR,1,1487.18945312,2001-07-09,2001-07-22
None,Beauvais,FRA,2,1486.27990723,2001-05-19,2001-07-28
None,Austria Wien,AUT,1,1486.12268066,2001-07-19,2001-07-25
None,CSKA Moskva,RUS,1,1484.7779541,2001-07-19,2001-07-22
None,Silkeborg,DEN,1,1483.40710449,2001-06-14,2001-07-22
None,Twente,NED,1,1481.72570801,2001-05-28,2001-08-08
None,Rapid Bucuresti,ROM,1,1481.11132812,2001-06-14,2001-07-25
None,Saarbruecken,GER,2,1480.93444824,2001-05-24,2001-07-27
None,Laval,FRA,2,1480.89746094,2001-05-19,2001-07-28
None,Braga,POR,1,1480.86047363,2001-05-28,2001-07-25
None,Lubin,POL,1,1480.85083008,2001-07-22,2001-07-25
None,Slovan Liberec,CZE,1,1480.35168457,2001-05-26,2001-07-29
None,Crotone,ITA,2,1480.34667969,2001-06-11,2001-08-08
None,Pistoiese,ITA,2,1480.01953125,2001-06-11,2001-08-08
None,Osijek,CRO,1,1480.01513672,2001-05-28,2001-07-25
None,Maribor,SVN,1,1479.9675293,2001-07-22,2001-07-25
None,Aachen,GER,2,1477.80883789,2001-05-24,2001-07-29
None,Westerlo,BEL,1,1477.73937988,2001-05-21,2001-07-25
None,Viktoria Zizkov,CZE,1,1477.69116211,2001-05-26,2001-07-29
None,Zuerich,SUI,1,1477.6875,2001-07-19,2001-07-22
None,Siena,ITA,2,1477.13476562,2001-06-11,2001-08-08
None,Stockport,ENG,2,1476.73010254,2001-05-17,2001-08-08
None,Steaua,ROM,1,1476.01184082,2001-06-14,2001-07-25
None,Le Mans,FRA,2,1475.25671387,2001-05-19,2001-07-28
None,Molde,NOR,1,1474.31066895,2001-07-09,2001-07-22
None,Nice,FRA,2,1474.10144043,2001-05-19,2001-07-28
None,Drnovice,CZE,1,1473.66943359,2001-05-26,2001-07-29
None,Amica Wronki,POL,1,1471.39501953,2001-07-22,2001-07-25
None,Genk,BEL,1,1470.55053711,2001-05-21,2001-07-25
None,Dinamo Bucuresti,ROM,1,1469.74523926,2001-06-14,2001-07-25
None,Caen,FRA,2,1469.67663574,2001-05-19,2001-07-28
None,Breda,NED,1,1468.39245605,2001-06-01,2001-08-08
None,Ancona,ITA,2,1468.1439209,2001-06-11,2001-08-08
None,Inter Bratislava,SLK,0,1466.67321777,2000-11-10,2001-07-25
None,Cittadella,ITA,2,1463.20605469,2001-06-11,2001-08-08
None,Barnsley,ENG,2,1463.15332031,2001-05-17,2001-08-08
None,Lausanne,SUI,1,1462.0847168,2001-07-19,2001-07-25
None,Oergryte,SWE,1,1461.9934082,2001-07-12,2001-07-25
None,Dunaferr,HUN,1,1461.00146484,2001-07-22,2001-07-25
None,Ankaraguecue,TUR,1,1459.67419434,2001-05-26,2001-07-25
None,Aalborg,DEN,1,1458.46777344,2001-06-14,2001-07-23
None,Gillingham,ENG,2,1458.25146484,2001-05-17,2001-08-08
None,Creteil,FRA,2,1457.82104492,2001-05-19,2001-07-28
None,Teplice,CZE,1,1456.44934082,2001-05-26,2001-07-28
None,OFI,GRE,1,1456.41369629,2001-05-28,2001-08-08
None,Sion,SUI,1,1455.77612305,2001-07-18,2001-07-25
None,Babelsberg,GER,2,1455.32055664,2001-07-01,2001-07-28
None,Union Berlin,GER,2,1455.32055664,2001-07-01,2001-07-30
None,Karlsruhe,GER,2,1455.32055664,2001-07-01,2001-07-29
None,Schweinfurt,GER,2,1455.32055664,2001-07-01,2001-07-29
None,Hammarby,SWE,1,1453.95568848,2001-07-16,2001-07-24
None,Norwich,ENG,2,1453.0090332,2001-05-17,2001-08-08
None,Crewe,ENG,2,1452.35925293,2001-05-17,2001-08-08
None,Dynamo Moskva,RUS,1,1451.85021973,2001-07-19,2001-07-22
None,Iraklis,GRE,1,1451.02770996,2001-05-27,2001-08-08
None,Gil Vicente,POR,1,1450.79968262,2001-05-28,2001-07-25
None,Maritimo,POR,1,1449.63513184,2001-05-28,2001-07-25
None,Hibernian,SCO,1,1448.51525879,2001-05-21,2001-07-25
None,Ionikos,GRE,1,1447.32019043,2001-05-27,2001-08-08
None,Chmel Blsany,CZE,1,1446.50561523,2001-05-26,2001-07-29
None,Hearts,SCO,1,1446.29821777,2001-05-21,2001-07-25
None,Elfsborg,SWE,1,1445.85742188,2001-07-05,2001-07-22
None,M Tel Aviv,ISR,1,1444.6159668,2001-05-26,2001-07-24
None,Yozgatspor,TUR,1,1443.87597656,2001-05-27,2001-07-25
None,Crystal Palace,ENG,2,1442.11279297,2001-05-17,2001-08-08
None,H Tel Aviv,ISR,1,1440.77197266,2001-05-25,2001-07-24
None,Maccabi Haifa,ISR,1,1440.00817871,2001-05-26,2001-07-24
None,Belenenses,POR,1,1439.29052734,2001-05-28,2001-07-25
None,Aris,GRE,1,1438.50354004,2001-05-28,2001-08-08
None,Akademisk,DEN,1,1438.43640137,2001-06-14,2001-07-22
None,Como,ITA,2,1438.20922852,2001-07-01,2001-08-08
None,Messina,ITA,2,1438.20922852,2001-07-01,2001-08-08
None,Modena,ITA,2,1438.20922852,2001-07-01,2001-08-08
None,Palermo,ITA,2,1438.20922852,2001-07-01,2001-08-08
None,Odra Wodzislaw,POL,1,1436.02209473,2001-07-22,2001-07-25
None,Pogon,POL,1,1434.7121582,2001-06-14,2001-07-22
None,Dnipro,UKR,1,1432.93469238,2001-07-22,2001-07-25
None,Portsmouth,ENG,2,1431.49645996,2001-05-17,2001-08-08
None,Kryliya Sovetov,RUS,1,1430.8885498,2001-07-19,2001-07-22
None,Alkmaar,NED,1,1430.61230469,2001-05-28,2001-08-08
None,Guimaraes,POR,1,1430.40075684,2001-05-28,2001-07-25
None,Saturn Ramenskoje,RUS,1,1429.36828613,2001-07-19,2001-07-22
None,Kocaelispor,TUR,1,1428.63305664,2001-05-27,2001-07-25
None,MTK,HUN,1,1428.45458984,2001-07-16,2001-07-22
None,Grimsby,ENG,2,1427.40930176,2001-05-17,2001-08-08
None,Viborg,DEN,1,1427.29956055,2001-07-22,2001-07-25
None,Beira Mar,POR,1,1427.06860352,2001-05-28,2001-07-25
None,Lierse,BEL,1,1426.61218262,2001-05-21,2001-07-25
None,Bohemians Praha,CZE,1,1426.32885742,2001-05-26,2001-07-29
None,Widzew,POL,1,1425.17114258,2001-07-22,2001-07-25
None,Martigues,FRA,2,1424.91455078,2001-05-19,2001-07-29
None,Slaven Belupo,CRO,1,1424.7355957,2001-05-28,2001-07-25
None,Pacos Ferreira,POR,1,1424.52355957,2001-05-28,2001-07-25
None,Genclerbirligi,TUR,1,1423.8704834,2001-05-27,2001-07-25
None,Alverca,POR,1,1423.50244141,2001-05-28,2001-07-25
None,Samsunspor,TUR,1,1423.36657715,2001-05-27,2001-07-25
None,Varteks,CRO,1,1421.20605469,2001-05-28,2001-07-25
None,Ferencvaros,HUN,1,1420.7578125,2001-07-22,2001-07-25
None,Malmoe,SWE,1,1420.15661621,2001-07-09,2001-07-23
None,Sittard,NED,1,1419.37695312,2001-06-01,2001-08-08
None,St Truiden,BEL,1,1418.37573242,2001-05-21,2001-07-25
None,Brno,CZE,1,1418.08850098,2001-05-26,2001-07-29
None,Norrkoeping,SWE,1,1415.90893555,2001-07-09,2001-07-23
None,Banik Ostrava,CZE,1,1415.11413574,2001-05-26,2001-07-29
None,Denizlispor,TUR,1,1413.91247559,2001-05-26,2001-07-25
None,Aarhus,DEN,1,1413.2590332,2001-06-14,2001-07-22
None,Oerebro,SWE,1,1411.49719238,2001-07-22,2001-07-25
None,Dniprodzerzhynsk,UKR,1,1410.73046875,2001-07-22,2001-07-25
None,Katowice,POL,1,1410.66931152,2001-07-22,2001-07-25
None,Odense,DEN,1,1410.56652832,2001-06-14,2001-07-25
None,Istres,FRA,2,1409.25402832,2001-07-01,2001-07-28
None,Grenoble,FRA,2,1409.25402832,2001-07-01,2001-07-28
None,Amiens,FRA,2,1409.25402832,2001-07-01,2001-07-28
None,Hapoel Haifa,ISR,1,1409.20239258,2001-05-25,2001-07-24
None,Aarau,SUI,1,1405.921875,2001-07-22,2001-07-25
None,Rostov,RUS,1,1405.56152344,2001-07-19,2001-07-22
None,Bregenz,AUT,1,1405.05981445,2001-07-19,2001-07-25
None,Ilichivets,UKR,1,1405.05114746,2001-07-22,2001-07-25
None,Gornik,POL,1,1404.01159668,2001-07-22,2001-07-25
None,Kilmarnock,SCO,1,1403.55224609,2001-05-21,2001-07-25
None,Nijmegen,NED,1,1402.10290527,2001-05-28,2001-08-08
None,Dundee,SCO,1,1401.23950195,2001-05-21,2001-07-25
None,Puchov,SLK,0,1399.35510254,2001-07-01,2001-07-25
None,Ruzomberok,SLK,0,1399.35510254,2001-07-01,2001-07-25
None,Djurgarden,SWE,1,1399.24633789,2001-07-09,2001-07-22
None,Anzhi,RUS,1,1398.68395996,2001-07-19,2001-07-22
None,Walsall,ENG,2,1398.09924316,2001-07-01,2001-08-08
None,Millwall,ENG,2,1398.09924316,2001-07-01,2001-08-08
None,Rotherham,ENG,2,1398.09924316,2001-07-01,2001-08-08
None,Xanthi,GRE,1,1397.66479492,2001-05-27,2001-08-08
None,Midtjylland,DEN,1,1396.57519531,2001-06-14,2001-07-23
None,Salgueiros,POR,1,1396.34716797,2001-05-28,2001-07-25
None,Rizespor,TUR,1,1395.06481934,2001-05-26,2001-07-25
None,Xamax,SUI,1,1394.77905273,2001-07-22,2001-07-25
None,Jablonec,CZE,1,1394.74316406,2001-05-26,2001-07-29
None,Grodzisk,POL,1,1393.97949219,2001-07-22,2001-07-25
None,Slask,POL,1,1392.27380371,2001-07-22,2001-07-25
None,Bursaspor,TUR,1,1392.0447998,2001-05-26,2001-07-25
None,Tromso,NOR,1,1391.91149902,2001-07-09,2001-07-22
None,Slovacko,CZE,1,1391.1842041,2001-05-26,2001-07-29
None,Panionios,GRE,1,1391.12243652,2001-05-28,2001-08-08
None,Slovan Bratislava,SLK,0,1389.37243652,2000-11-10,2001-07-25
None,Vasas SC,HUN,1,1387.30627441,2001-07-22,2001-07-25
None,Charleroi,BEL,1,1386.4798584,2001-05-21,2001-07-25
None,Antwerp,BEL,1,1386.06787109,2001-05-21,2001-07-25
None,De Graafschap,NED,1,1384.97033691,2001-06-01,2001-08-08
None,Bodoe Glimt,NOR,1,1383.49084473,2001-07-09,2001-07-22
None,Moss,NOR,1,1383.37158203,2001-07-09,2001-07-22
None,Zalgiris Vilnius,LIT,0,1383.3626709,2001-07-19,2001-08-09
None,Istanbulspor,TUR,1,1382.4552002,2001-05-26,2001-07-25
None,Groningen,NED,1,1380.6385498,2001-05-28,2001-08-08
None,Alanya,RUS,1,1380.5859375,2001-07-19,2001-07-22
None,Farense,POR,1,1379.76525879,2001-05-28,2001-07-25
None,N Burgas,BUL,1,1379.53173828,2001-07-19,2001-07-25
None,Trelleborg,SWE,1,1376.5994873,2001-07-16,2001-07-22
None,Lyngby,DEN,1,1375.65710449,2001-06-14,2001-07-22
None,Panahaiki,GRE,1,1375.02160645,2001-05-28,2001-08-08
None,Primorje,SVN,1,1371.1184082,2001-05-27,2001-07-22
None,Young Boys,SUI,1,1370.49938965,2001-07-19,2001-07-22
None,Sokol Saratov,RUS,1,1370.06567383,2001-07-19,2001-07-23
None,Radomsko,POL,1,1367.69470215,2001-07-01,2001-07-22
None,Rijeka,CRO,1,1366.93981934,2001-05-28,2001-07-25
None,Stomil,POL,1,1366.86462402,2001-07-22,2001-07-25
None,Aberdeen,SCO,1,1366.48498535,2001-05-21,2001-07-25
None,Kryvbas,UKR,1,1366.47631836,2001-07-22,2001-07-25
None,Den Bosch,NED,1,1365.93591309,2001-07-01,2001-08-08
None,Admira,AUT,1,1365.64575195,2001-07-19,2001-07-25
None,Ujpest,HUN,1,1364.4284668,2001-07-22,2001-07-25
None,KSZO,POL,1,1363.30993652,2001-07-22,2001-07-25
None,Opava,CZE,1,1361.56530762,2001-07-01,2001-07-29
None,Hradec Kralove,CZE,1,1361.56530762,2001-07-01,2001-07-29
None,Ethnikos Asteras,GRE,1,1359.94213867,2001-05-28,2001-08-08
None,Olimpija Ljubljana,SVN,1,1359.8614502,2001-05-28,2001-07-22
None,Setubal,POR,1,1359.79614258,2001-07-01,2001-07-25
None,Santa Clara,POR,1,1359.79614258,2001-07-01,2001-07-25
None,Varzim,POR,1,1359.79614258,2001-07-01,2001-07-25
None,Arges Pitesti,ROM,1,1359.02844238,2001-06-14,2001-07-25
None,Novi Sad,SCG,1,1357.57836914,2001-06-21,2001-07-25
None,Sparta Rotterdam,NED,1,1354.67016602,2001-05-28,2001-08-08
None,Noworossisk,RUS,1,1353.50683594,2001-07-19,2001-07-22
None,Rotor Volgograd,RUS,1,1353.3371582,2001-07-19,2001-07-22
None,Haecken,SWE,1,1350.8026123,2001-07-16,2001-07-22
None,Sibenik,CRO,1,1349.54382324,2001-05-28,2001-07-25
None,Antalyaspor,TUR,1,1348.51672363,2001-05-27,2001-07-25
None,Louvieroise,BEL,1,1347.91186523,2001-05-20,2001-07-25
None,Motherwell,SCO,1,1347.08251953,2001-05-21,2001-07-25
None,Luzern,SUI,1,1346.55053711,2001-07-22,2001-07-25
None,St Johnstone,SCO,1,1346.45898438,2001-05-21,2001-07-25
None,Gyoer,HUN,1,1346.28186035,2001-07-15,2001-07-22
None,Cibalia Vinkovci,CRO,1,1345.22351074,2001-05-28,2001-07-25
None,NK Zagreb,CRO,1,1344.7869873,2001-05-28,2001-07-25
None,Arsenal Kyiv,UKR,1,1343.09875488,2001-07-22,2001-07-25
None,M Zaporizhya,UKR,1,1342.59289551,2001-07-22,2001-07-25
None,Lommel,BEL,1,1341.26184082,2001-07-01,2001-07-25
None,Molenbeek,BEL,1,1341.26184082,2001-07-01,2001-07-25
None,Sundsvall,SWE,1,1340.99401855,2001-07-08,2001-07-23
None,Beveren,BEL,1,1340.61572266,2001-05-21,2001-07-25
None,Karpaty,UKR,1,1339.01550293,2001-07-22,2001-07-25
None,Celje,SVN,1,1338.72558594,2001-05-27,2001-07-25
None,Mura,SVN,1,1338.58081055,2001-05-27,2001-07-22
None,Aalst,BEL,1,1337.30334473,2001-05-21,2001-07-25
None,Progresul,ROM,1,1335.98547363,2001-06-14,2001-07-25
None,Lyn Oslo,NOR,1,1335.54943848,2001-07-09,2001-07-22
None,Sogndal,NOR,1,1334.57312012,2001-07-09,2001-07-22
None,Metalist,UKR,1,1332.64648438,2001-07-22,2001-07-25
None,Dundee United,SCO,1,1329.23596191,2001-05-21,2001-07-25
None,Zalaegerszegi,HUN,1,1327.45812988,2001-07-22,2001-07-25
None,Beitar,ISR,1,1327.38586426,2001-05-26,2001-07-24
None,Bistrita,ROM,1,1326.86376953,2001-06-14,2001-07-25
None,HJK Helsinki,FIN,0,1326.20666504,2001-07-19,2001-07-24
None,Simferopol,UKR,1,1321.54492188,2001-07-12,2001-07-25
None,Piatra Neamt,ROM,1,1320.61914062,2001-06-14,2001-07-25
None,Fakel Voronezh,RUS,1,1320.52294922,2001-07-19,2001-07-22
None,Vejle,DEN,1,1318.42663574,2001-07-01,2001-07-22
None,Esbjerg,DEN,1,1318.42663574,2001-07-01,2001-07-25
None,FK Sarajevo,BHZ,0,1318.30493164,2001-07-19,2001-08-09
None,Zimbru,MOL,0,1317.40344238,2001-07-19,2001-07-25
None,Nova Gorica,SVN,1,1315.63830566,2001-05-27,2001-07-22
None,Sartid,SCG,1,1314.42956543,2001-06-21,2001-07-25
None,Brasov,ROM,1,1314.14355469,2001-06-14,2001-07-25
None,Videoton,HUN,1,1313.22595215,2001-07-22,2001-07-25
None,Honved,HUN,1,1311.33276367,2001-07-22,2001-07-25
None,Korotan,SVN,1,1310.52185059,2001-05-27,2001-07-22
None,OFK,SCG,1,1310.3581543,2001-06-21,2001-07-25
None,Dunfermline,SCO,1,1310.3380127,2001-05-21,2001-07-25
None,Cakovec,CRO,1,1309.55883789,2001-05-28,2001-07-25
None,Debrecen,HUN,1,1308.46887207,2001-07-22,2001-07-25
None,Vorskla,UKR,1,1308.24169922,2001-07-16,2001-07-25
None,Otelul Galati,ROM,1,1305.31066895,2001-06-14,2001-07-25
None,FC Moskva,RUS,1,1304.5345459,2001-07-19,2001-07-23
None,Astra,ROM,1,1304.46484375,2001-06-14,2001-07-25
None,Dragovoljac,CRO,1,1303.79870605,2001-05-28,2001-07-25
None,Rad,SCG,1,1302.51269531,2001-06-21,2001-07-25
None,Sutjeska,SCG,1,1302.38269043,2001-06-21,2001-07-25
None,Slavia Sofia,BUL,1,1302.34851074,2001-07-19,2001-07-25
None,Omonia,CYP,0,1302.18981934,2000-09-29,2001-07-25
None,Goeztepe,TUR,1,1302.10571289,2001-07-01,2001-07-25
None,Diyarbakirspor,TUR,1,1302.10571289,2001-07-01,2001-07-25
None,Malatyaspor,TUR,1,1302.10571289,2001-07-01,2001-07-25
None,Stromsgodset,NOR,1,1302.0065918,2001-07-09,2001-07-22
None,Klagenfurt,AUT,1,1301.90710449,2001-07-19,2001-07-24
None,Bacau,ROM,1,1297.97070312,2001-06-14,2001-07-25
None,Apollon Lemesos,CYP,0,1295.51220703,2001-07-01,2001-07-25
None,Olympiakos Nikosia,CYP,0,1295.51220703,2001-07-01,2001-07-25
None,Rudar Velenje,SVN,1,1294.57165527,2001-07-22,2001-07-25
None,Kairat,KAZ,2,1292.58996582,1991-12-12,2002-07-01
None,Brotnjo Citluk,BHZ,0,1292.56835938,2001-07-19,2001-08-09
None,Cukaricki,SCG,1,1292.01184082,2001-06-21,2001-07-25
None,Akratitos,GRE,1,1291.8404541,2001-07-01,2001-08-08
None,Egaleo,GRE,1,1291.8404541,2001-07-01,2001-08-08
None,Bryne,NOR,1,1291.79394531,2001-07-09,2001-07-22
None,Petrolul Ploiesti,ROM,1,1291.62963867,2001-06-14,2001-07-25
None,Zemun,SCG,1,1287.45922852,2001-06-21,2001-07-25
None,Zeleznik Beograd,SCG,1,1286.64904785,2001-06-21,2001-07-25
None,Craiova 1948,ROM,1,1285.71435547,2001-06-14,2001-07-25
None,Kragujevac,SCG,1,1283.15539551,2001-06-21,2001-07-25
None,Jokerit,FIN,0,1281.72387695,2001-07-19,2001-07-24
None,Lok Sofia,BUL,1,1280.8203125,2001-07-19,2001-07-25
None,Zeljeznicar,BHZ,0,1278.70275879,2001-07-19,2001-08-09
None,Livingston,SCO,1,1277.53881836,2001-07-01,2001-07-25
None,Matav Sopron,HUN,1,1275.82043457,2001-07-22,2001-07-25
None,Kula,SCG,1,1275.78857422,2001-06-21,2001-07-25
None,Skonto,LAT,0,1273.27734375,2001-07-19,2001-07-25
None,Marsonia,CRO,1,1269.63769531,2001-05-28,2001-07-25
None,Koper,SVN,1,1267.53149414,2001-05-27,2001-07-22
None,H Petach Tikva,ISR,1,1264.9699707,2001-05-26,2001-07-24
None,MyPa,FIN,0,1258.88842773,2001-07-19,2001-07-24
None,BATE,BLR,1,1258.87329102,2001-07-19,2001-07-25
None,Haka,FIN,0,1257.66821289,2001-07-19,2001-07-24
None,Vardar,MAC,0,1256.19238281,2001-07-19,2001-07-25
None,Pelister Bitola,MAC,0,1256.19238281,2001-07-19,2001-07-25
None,Netanya,ISR,1,1255.00244141,2001-05-25,2001-07-24
None,Zeta Golubovci,SCG,1,1252.19372559,2001-06-21,2001-07-25
None,Spartak Varna,BUL,1,1251.13024902,2001-07-19,2001-07-25
None,Domzale,SVN,1,1250.62512207,2001-05-27,2001-07-22
None,Kamen Ingrad,CRO,1,1247.40856934,2001-07-01,2001-07-25
None,Pomorac,CRO,1,1247.40856934,2001-07-01,2001-07-25
None,Topolovac,CRO,1,1247.40856934,2001-07-01,2001-07-25
None,Zadar,CRO,1,1247.40856934,2001-07-01,2001-07-25
None,Haladas,HUN,1,1234.45166016,2001-07-22,2001-07-25
None,Ashdod,ISR,1,1227.69628906,2001-05-25,2001-07-24
None,Slavia Mozyr,BLR,1,1225.03674316,2001-07-19,2001-07-25
None,M Petach Tikva,ISR,1,1222.56750488,2001-05-25,2001-07-24
None,Rishon,ISR,1,1216.2845459,2001-05-25,2001-07-24
None,Torpedo Kutaisi,GEO,0,1215.56066895,2001-07-19,2001-07-25
None,Sloga Jugomat,MAC,0,1213.41564941,2001-07-19,2001-07-25
None,Olexandriya,UKR,1,1211.67736816,2001-07-21,2001-07-25
None,Uzhgorod,UKR,1,1202.55859375,2001-07-22,2001-07-25
None,Dinamo Tbilisi,GEO,0,1200.33984375,2001-07-19,2001-07-25
None,Lok Tbilisi,GEO,0,1194.01696777,2001-07-19,2001-07-25
None,Mladost Apatin,SCG,1,1187.8762207,2001-07-01,2001-07-25
None,Mladost Lucani,SRB,1,1187.8762207,2001-07-01,2001-07-25
None,Rudar Pljevlja,SCG,1,1187.8762207,2001-07-01,2001-07-25
None,Zvezdara Beograd,SCG,1,1187.8762207,2001-07-01,2001-07-25
None,Nistru Otaci,MOL,0,1176.82165527,2001-07-19,2001-07-25
None,Dinamo Minsk,BLR,1,1176.66809082,2001-07-19,2001-07-25
None,Sheriff Tiraspol,MOL,0,1176.45629883,2001-07-19,2001-07-25
None,Fylkir,ISL,0,1175.41918945,2001-07-19,2001-08-09
None,Akranes,ISL,0,1173.47900391,2001-07-19,2001-08-09
None,Bohemians Dublin,IRL,0,1172.45068359,2001-07-19,2001-07-25
None,KR Reykjavik,ISL,0,1168.74536133,2001-07-19,2001-08-09
None,Shelbourne,IRL,0,1164.95031738,2001-07-19,2001-07-25
None,Farul,ROM,1,1151.59533691,2001-07-01,2001-07-25
None,Sportul,ROM,1,1151.59533691,2001-07-01,2001-07-25
None,UM Timisoara,ROM,1,1151.59533691,2001-07-01,2001-07-25
None,Dinaburg,LAT,0,1149.30541992,2001-07-19,2001-07-25
None,Longford Town,IRL,0,1149.28015137,2001-07-19,2001-07-25
None,Beer-Sheva,ISR,1,1146.8359375,2001-07-01,2001-07-24
None,M Kiryat Ata,ISR,1,1146.8359375,2001-07-01,2001-07-24
None,Ventspils,LAT,0,1146.68774414,2001-07-19,2001-07-25
None,Vllaznia,ALB,0,1145.96704102,2001-07-19,2001-07-25
None,Chernomorets Burgas,BUL,1,1142.56420898,2001-07-19,2001-07-25
None,Cherno More,BUL,1,1139.93505859,2001-07-19,2001-07-25
None,Beroe Stara Zagora,BUL,1,1139.8104248,2001-07-19,2001-07-25
None,Belasitsa Petrich,BUL,1,1139.75805664,2001-07-19,2001-07-25
None,Lok Plovdiv,BUL,1,1139.75805664,2001-07-19,2001-07-25
None,Marek Dupnitza,BUL,1,1139.75805664,2001-07-19,2001-07-25
None,Spartak Pleven,BUL,1,1139.75805664,2001-07-19,2001-07-25
None,Barry Town,WAL,0,1136.25170898,2001-07-19,2001-07-25
None,Dinamo Tirana,ALB,0,1136.13146973,2001-07-19,2001-07-25
None,Tirana,ALB,0,1135.37963867,2001-07-19,2001-07-25
None,Neman Grodno,BLR,1,1129.91003418,2001-07-19,2001-07-25
None,Cwmbran,WAL,0,1126.04321289,2001-07-19,2001-07-25
None,Soligorsk,BLR,1,1121.89379883,2001-07-19,2001-07-25
None,Dnepr Mogilev,BLR,1,1121.75939941,2001-07-19,2001-07-25
None,Bobruisk,BLR,1,1114.00915527,2001-07-19,2001-07-25
None,Triglav,SVN,1,1108.77038574,2001-07-01,2001-07-25
None,Smartno,SVN,1,1108.77038574,2001-07-01,2001-07-22
None,Gomel,BLR,1,1100.65209961,2001-07-19,2001-07-25
None,The New Saints,WAL,0,1089.49121094,2001-07-19,2001-07-25
None,Glenavon,NIR,0,1083.92834473,2001-07-19,2001-08-09
None,Shamkir,AZE,0,1079.47473145,2001-07-19,2001-08-09
None,Vaduz,LIE,0,1078.54785156,2001-07-01,2001-07-25
None,Glentoran,NIR,0,1077.31677246,2001-07-19,2001-08-09
None,Torpedo Minsk,BLR,1,1068.72253418,2001-07-19,2001-07-25
None,Shafa,AZE,0,1068.38317871,2001-07-19,2001-08-09
None,Neftchi,AZE,0,1066.78051758,2001-07-19,2001-08-09
None,Linfield,NIR,0,1063.28601074,2001-07-19,2001-08-09
None,Flora Tallinn,EST,0,1031.24731445,2001-07-19,2001-08-09
None,FBK Kaunas,LIT,0,1012.40753174,2001-07-19,2001-08-09
None,MIKA,ARM,0,1011.19122314,2001-07-19,2001-08-09
None,Ararat,ARM,0,1010.8414917,2001-07-19,2001-08-09
None,Levadia Tallinn,EST,0,1008.31298828,2001-07-19,2001-08-09
None,Spartak Yerevan,ARM,0,1002.25982666,2001-07-19,2001-08-09
None,Dinamo Brest,BLR,1,998.15435791,2001-07-19,2001-07-25
None,Atlantas,LIT,0,990.310974121,2001-07-19,2001-08-09
None,Valletta,MLT,0,985.529541016,2001-07-19,2001-08-09
None,Sliema Wanderers,MLT,0,982.022705078,2001-07-19,2001-08-09
None,Viljandi Tulevik,EST,0,976.338806152,2001-07-19,2001-08-09
None,Ettelbrueck,LUX,0,975.273498535,2001-07-19,2001-08-09
None,Grevenmacher,LUX,0,974.324768066,2001-07-19,2001-08-09
None,Birkirkara,MLT,0,973.025695801,2001-07-19,2001-08-09
None,Dudelange,LUX,0,971.713745117,2001-07-19,2001-08-09
None,FK Vitebsk,BLR,1,964.976074219,2001-07-19,2001-07-25
None,Santa Coloma,AND,0,960.070251465,2001-07-01,2001-08-09
None,Vedrych,BLR,1,903.031738281,2001-07-19,2001-07-25
None,HB Torshavn,FAR,0,900.764709473,2001-07-19,2001-08-09
None,Gota,FAR,0,900.64642334,2001-07-19,2001-08-09
None,Vagur,FAR,0,897.952819824,2001-07-19,2001-08-09
None,Maladzyechna,BLR,1,878.687011719,2001-07-19,2001-07-25
None,Novopolotsk,BLR,1,858.531677246,2001-07-19,2001-07-25
None,Cosmos,SMR,0,816.63458252,2001-07-01,2001-08-09


